[
  {
    "Id": 1,
    "Firstname": "Noam",
    "Surname": "Chomsky",
    "PhotoPath": "/Photo/Chomsky.jpg"
  },
  {
    "Id": 2,
    "Firstname": "Tim",
    "Surname": "Berners-Lee",
    "PhotoPath": "/Photo/Berners-Lee.jpg"
  },
  {
    "Id": 3,
    "Firstname": "Edgar",
    "Surname": "Codd",
    "PhotoPath": "/Photo/Codd.jpg"
  },
  {
    "Id": 4,
    "Firstname": "Donald",
    "Surname": "Knuth",
    "PhotoPath": "/Photo/Knuth.jpg"
  },
  {
    "Id": 5,
    "Firstname": "Linus",
    "Surname": "Torvalds",
    "PhotoPath": "/Photo/Torvalds.jpg"
  },
  {
    "Id": 6,
    "Firstname": "John",
    "Surname": "Neumann",
    "PhotoPath": "/Photo/Neumann.jpg"
  },
  {
    "Id": 7,
    "Firstname": "Edsger",
    "Surname": "Dijkstra",
    "PhotoPath": "/Photo/Dijkstra.jpg"
  },
  {
    "Id": 8,
    "Firstname": "Ada",
    "Surname": "Lovelace",
    "PhotoPath": "/Photo/Lovelace.jpg"
  },
  {
    "Id": 9,
    "Firstname": "Charlse",
    "Surname": "Babbage",
    "PhotoPath": "/Photo/Lovelace.jpg"
  },
  {
    "Id": 10,
    "Firstname": "Charlse",
    "Surname": "Babbage",
    "PhotoPath": "/Photo/Lovelace.jpg"
  },
  {
    "Id": 11,
    "Firstname": "Charlse",
    "Surname": "Babbage",
    "PhotoPath": "/Photo/Lovelace.jpg"
  },
  {
    "Id": 12,
    "Firstname": "Charlse",
    "Surname": "Babbage",
    "PhotoPath": "/Photo/Lovelace.jpg"
  },
  {
    "Id": 13,
    "Firstname": "Charlse",
    "Surname": "Babbage",
    "PhotoPath": "/Photo/Lovelace.jpg"
  },
  {
    "Id": 14,
    "Firstname": "Charlse",
    "Surname": "Babbage",
    "PhotoPath": "/Photo/"
  },
  {
    "Id": 15,
    "Firstname": "Charlse",
    "Surname": "Babbage",
    "PhotoPath": "/Photo/Babbage.jpg"
  },
  {
    "Id": 17,
    "Firstname": "ForUpdate",
    "Surname": "ForUpdate",
    "PhotoPath": "/Photo/ForUpdate.jpg"
  },
  {
    "Id": 18,
    "Firstname": "ForUpdate",
    "Surname": "ForUpdate",
    "PhotoPath": "/Photo/ForUpdate.jpg"
  },
  {
    "Id": 19,
    "Firstname": "ForUpdate",
    "Surname": "ForUpdate",
    "PhotoPath": "/Photo/momkom.jpg"
  },
  {
    "Id": 20,
    "Firstname": "ForUpdate",
    "Surname": "ForUpdate",
    "PhotoPath": "/Photo/Codd.jpg"
  },
  {
    "Id": 21,
    "Firstname": "ForUpdate",
    "Surname": "ForUpdate",
    "PhotoPath": "/Photo/momkom.jpg"
  },
  {
    "Id": 22,
    "Firstname": "ForUpdate",
    "Surname": "ForUpdate",
    "PhotoPath": "/Photo/momkom.jpg"
  },
  {
    "Id": 23,
    "Firstname": "ForUpdate",
    "Surname": "ForUpdate",
    "PhotoPath": "/Photo/Codd.jpg"
  },
  {
    "Id": 24,
    "Firstname": "ForUpdate",
    "Surname": "ForUpdate",
    "PhotoPath": "/Photo/Codd.jpg"
  },
  {
    "Id": 25,
    "Firstname": "ForUpdate",
    "Surname": "ForUpdate",
    "PhotoPath": "/Photo/Codd.jpg"
  },
  {
    "Id": 26,
    "Firstname": "ForUpdate",
    "Surname": "ForUpdate",
    "PhotoPath": "/Photo/Cod6d.jpg"
  },
  {
    "Id": 27,
    "Firstname": "ForUpdate",
    "Surname": "ForUpdate",
    "PhotoPath": "/Photo/Cod6d.pg"
  },
  {
    "Id": 28,
    "Firstname": "ForUpdate",
    "Surname": "ForUpdate",
    "PhotoPath": "/Photo/Cod6d.pg"
  },
  {
    "Id": 29,
    "Firstname": "ForUpdate",
    "Surname": "ForUpdate",
    "PhotoPath": "/Photo/Codd.pg"
  },
  {
    "Id": 30,
    "Firstname": "ForUpdate",
    "Surname": "ForUpdate",
    "PhotoPath": "/Photo/Codd.pg"
  },
  {
    "Id": 31,
    "Firstname": "ForUpdate",
    "Surname": "ForUpdate",
    "PhotoPath": "/Photo/Co1dd.pg"
  },
  {
    "Id": 32,
    "Firstname": "ForUpdate",
    "Surname": "ForUpdate",
    "PhotoPath": "/Photo/Codd.pg"
  },
  {
    "Id": 33,
    "Firstname": "ForUpdate",
    "Surname": "ForUpdate",
    "PhotoPath": "/Photo/Codd.pg"
  },
  {
    "Id": 34,
    "Firstname": "ForUpdate",
    "Surname": "ForUpdate",
    "PhotoPath": "/Photo/Codd.jpg"
  },
  {
    "Id": 35,
    "Firstname": "ForUpdate",
    "Surname": "ForUpdate",
    "PhotoPath": "/Photo/Codfd.jpg"
  },
  {
    "Id": 36,
    "Firstname": "ForUpdate",
    "Surname": "ForUpdate",
    "PhotoPath": "/Photo/Codd.jpg"
  },
  {
    "Id": 37,
    "Firstname": "ForUpdate",
    "Surname": "ForUpdate",
    "PhotoPath": "/Photo/Cosdd.jpg"
  },
  {
    "Id": 38,
    "Firstname": "ForUpdate",
    "Surname": "ForUpdate",
    "PhotoPath": "/Photo/Cosdd.jpg"
  },
  {
    "Id": 39,
    "Firstname": "ForUpdate",
    "Surname": "ForUpdate",
    "PhotoPath": "/Photo/Codd.jpg"
  }
]