[
  {
    "Id": 1,
    "Firstname": "Noam",
    "Surname": "Chomsky",
    "PhotoPath": "/Photo/Chomsky.jpg"
  },
  {
    "Id": 2,
    "Firstname": "Tim",
    "Surname": "Berners-Lee",
    "PhotoPath": "/Photo/Berners-Lee.jpg"
  },
  {
    "Id": 3,
    "Firstname": "Edgar",
    "Surname": "Codd",
    "PhotoPath": "/Photo/Codd.jpg"
  },
  {
    "Id": 4,
    "Firstname": "Donald",
    "Surname": "Knuth",
    "PhotoPath": "/Photo/Knuth.jpg"
  },
  {
    "Id": 5,
    "Firstname": "Linus",
    "Surname": "Torvalds",
    "PhotoPath": "/Photo/Torvalds.jpg"
  },
  {
    "Id": 6,
    "Firstname": "John",
    "Surname": "Neumann",
    "PhotoPath": "/Photo/Neumann.jpg"
  },
  {
    "Id": 7,
    "Firstname": "Edsger",
    "Surname": "Dijkstra",
    "PhotoPath": "/Photo/Dijkstra.jpg"
  },
  {
    "Id": 8,
    "Firstname": "Ada",
    "Surname": "Lovelace",
    "PhotoPath": "/Photo/Lovelace.jpg"
  },
  {
    "Id": 9,
    "Firstname": "Charlse",
    "Surname": "Babbage",
    "PhotoPath": "/Photo/Lovelace.jpg"
  },
  {
    "Id": 10,
    "Firstname": "Charlse",
    "Surname": "Babbage",
    "PhotoPath": "/Photo/Lovelace.jpg"
  },
  {
    "Id": 11,
    "Firstname": "Charlse",
    "Surname": "Babbage",
    "PhotoPath": "/Photo/Lovelace.jpg"
  },
  {
    "Id": 12,
    "Firstname": "Charlse",
    "Surname": "Babbage",
    "PhotoPath": "/Photo/Lovelace.jpg"
  },
  {
    "Id": 13,
    "Firstname": "Charlse",
    "Surname": "Babbage",
    "PhotoPath": "/Photo/Lovelace.jpg"
  },
  {
    "Id": 14,
    "Firstname": "Charlse",
    "Surname": "Babbage",
    "PhotoPath": "/Photo/"
  },
  {
    "Id": 15,
    "Firstname": "Charlse",
    "Surname": "Babbage",
    "PhotoPath": "/Photo/Babbage.jpg"
  }
]